Imiê,Nazwisko,E-mail,Has³o,ID
Jan,Kowalski,Jkowalski@icemail.com,j1de3PO23,1467
Grzegorz,Brzêczyszczykiewicz,Gbrzêcz23@icemail.com,z2Ws99fr12DL,1197
Franciszek,Dolas,Fdolas@icemail.com,f12ER45old,1267
Ola,Kwiatkowska,Okwiat12@icemail.com,df12vG34qwerty,5634
Horacy,Diaz,Hdiaz@icemail.com,gg12De34ftre,3719
Maciej,B³oñski,kogha@onet.pl,qwerty123,2137
Janek,Kowalski,janek.kowalski@gmail.com,qwerty24234,1634
Kogha,Blonsky,kogha.blonsky@gmail.com,qwerty,4121
testowy,test,testowy.test@gmail.com,testtest,5011
